Date,Account Balance,Predicted Label,Actual Label,Folder,Prediction Correct,Drawdown
2024-01-03 23:00:00,9900.0,buy,buy,output_latest_data_part_multiple.zip/Pairs/EURUSD\EURUSD_sequence_30,True,0.0
2024-01-04 06:00:00,9951.999999999985,buy,buy,output_latest_data_part_multiple.zip/Pairs/EURUSD\EURUSD_sequence_37,True,0.0
2024-01-04 09:00:00,10151.999999999985,buy,buy,output_latest_data_part_multiple.zip/Pairs/EURUSD\EURUSD_sequence_40,True,0.0
2024-01-04 12:00:00,10351.999999999985,buy,buy,output_latest_data_part_multiple.zip/Pairs/EURUSD\EURUSD_sequence_43,True,0.0
2024-01-05 06:00:00,10251.999999999985,buy,sell,output_latest_data_part_multiple.zip/Pairs/EURUSD\EURUSD_sequence_61,False,100.0
2024-01-08 06:00:00,10151.999999999985,buy,sell,output_latest_data_part_multiple.zip/Pairs/EURUSD\EURUSD_sequence_85,False,200.0
2024-01-09 06:00:00,10215.999999999984,buy,buy,output_latest_data_part_multiple.zip/Pairs/EURUSD\EURUSD_sequence_109,True,136.00000000000182
2024-01-09 12:00:00,10115.999999999984,buy,sell,output_latest_data_part_multiple.zip/Pairs/EURUSD\EURUSD_sequence_115,False,236.00000000000182
2024-01-10 06:00:00,10154.999999999995,buy,buy,output_latest_data_part_multiple.zip/Pairs/EURUSD\EURUSD_sequence_133,True,196.9999999999909
2024-01-12 07:00:00,10222.999999999996,sell,sell,output_latest_data_part_multiple.zip/Pairs/EURUSD\EURUSD_sequence_182,True,128.9999999999891
2024-01-12 09:00:00,10422.999999999996,sell,sell,output_latest_data_part_multiple.zip/Pairs/EURUSD\EURUSD_sequence_184,True,0.0
2024-01-15 01:00:00,10376.0,buy,sell,output_latest_data_part_multiple.zip/Pairs/EURUSD\EURUSD_sequence_200,False,46.99999999999636
2024-01-15 05:00:00,10522.000000000002,buy,buy,output_latest_data_part_multiple.zip/Pairs/EURUSD\EURUSD_sequence_204,True,0.0
2024-01-15 06:00:00,10668.999999999987,buy,buy,output_latest_data_part_multiple.zip/Pairs/EURUSD\EURUSD_sequence_205,True,0.0
2024-01-15 07:00:00,10868.999999999987,buy,buy,output_latest_data_part_multiple.zip/Pairs/EURUSD\EURUSD_sequence_206,True,0.0
2024-01-16 06:00:00,10768.999999999987,buy,sell,output_latest_data_part_multiple.zip/Pairs/EURUSD\EURUSD_sequence_229,False,100.0
2024-01-16 07:00:00,10668.999999999987,buy,sell,output_latest_data_part_multiple.zip/Pairs/EURUSD\EURUSD_sequence_230,False,200.0
2024-01-17 05:00:00,10763.000000000004,sell,sell,output_latest_data_part_multiple.zip/Pairs/EURUSD\EURUSD_sequence_252,True,105.99999999998363
2024-01-17 11:00:00,10663.000000000004,buy,buy,output_latest_data_part_multiple.zip/Pairs/EURUSD\EURUSD_sequence_258,True,205.99999999998363
2024-01-18 04:00:00,10563.000000000004,sell,buy,output_latest_data_part_multiple.zip/Pairs/EURUSD\EURUSD_sequence_275,False,305.99999999998363
2024-01-18 07:00:00,10463.000000000004,sell,buy,output_latest_data_part_multiple.zip/Pairs/EURUSD\EURUSD_sequence_278,False,405.99999999998363
2024-01-18 08:00:00,10363.000000000004,sell,buy,output_latest_data_part_multiple.zip/Pairs/EURUSD\EURUSD_sequence_279,False,505.99999999998363
2024-01-18 12:00:00,10263.000000000004,buy,buy,output_latest_data_part_multiple.zip/Pairs/EURUSD\EURUSD_sequence_283,True,605.9999999999836
2024-01-19 04:00:00,10163.000000000004,sell,buy,output_latest_data_part_multiple.zip/Pairs/EURUSD\EURUSD_sequence_299,False,705.9999999999836
2024-01-19 05:00:00,10063.000000000004,sell,buy,output_latest_data_part_multiple.zip/Pairs/EURUSD\EURUSD_sequence_300,False,805.9999999999836
2024-01-19 10:00:00,10263.000000000004,sell,sell,output_latest_data_part_multiple.zip/Pairs/EURUSD\EURUSD_sequence_305,True,605.9999999999836
2024-01-22 05:00:00,10163.000000000004,sell,buy,output_latest_data_part_multiple.zip/Pairs/EURUSD\EURUSD_sequence_324,False,705.9999999999836
2024-01-22 06:00:00,10285.000000000004,buy,buy,output_latest_data_part_multiple.zip/Pairs/EURUSD\EURUSD_sequence_325,True,583.9999999999836
2024-01-23 07:00:00,10485.000000000004,buy,buy,output_latest_data_part_multiple.zip/Pairs/EURUSD\EURUSD_sequence_350,True,383.99999999998363
2024-01-24 05:00:00,10427.999999999985,sell,buy,output_latest_data_part_multiple.zip/Pairs/EURUSD\EURUSD_sequence_372,False,441.0000000000018
2024-01-24 07:00:00,10381.999999999995,sell,buy,output_latest_data_part_multiple.zip/Pairs/EURUSD\EURUSD_sequence_374,False,486.9999999999927
2024-01-25 08:00:00,10502.999999999987,buy,buy,output_latest_data_part_multiple.zip/Pairs/EURUSD\EURUSD_sequence_399,True,366.0
2024-01-26 08:00:00,10402.999999999987,buy,sell,output_latest_data_part_multiple.zip/Pairs/EURUSD\EURUSD_sequence_423,False,466.0
2024-01-26 12:00:00,10302.999999999987,buy,buy,output_latest_data_part_multiple.zip/Pairs/EURUSD\EURUSD_sequence_427,True,566.0
2024-01-29 06:00:00,10319.999999999987,buy,buy,output_latest_data_part_multiple.zip/Pairs/EURUSD\EURUSD_sequence_445,True,549.0
2024-01-29 07:00:00,10295.999999999985,buy,sell,output_latest_data_part_multiple.zip/Pairs/EURUSD\EURUSD_sequence_446,False,573.0000000000018
2024-01-29 08:00:00,10311.99999999998,buy,buy,output_latest_data_part_multiple.zip/Pairs/EURUSD\EURUSD_sequence_447,True,557.0000000000073
2024-01-29 09:00:00,10243.999999999978,buy,sell,output_latest_data_part_multiple.zip/Pairs/EURUSD\EURUSD_sequence_448,False,625.0000000000091
2024-01-29 13:00:00,10143.999999999978,buy,sell,output_latest_data_part_multiple.zip/Pairs/EURUSD\EURUSD_sequence_452,False,725.0000000000091
2024-01-29 22:00:00,10043.999999999978,buy,buy,output_latest_data_part_multiple.zip/Pairs/EURUSD\EURUSD_sequence_461,True,825.0000000000091
2024-01-30 12:00:00,9943.999999999978,buy,buy,output_latest_data_part_multiple.zip/Pairs/EURUSD\EURUSD_sequence_475,True,925.0000000000091
2024-01-30 16:00:00,10143.999999999978,buy,buy,output_latest_data_part_multiple.zip/Pairs/EURUSD\EURUSD_sequence_479,True,725.0000000000091
2024-01-31 03:00:00,10291.99999999997,sell,sell,output_latest_data_part_multiple.zip/Pairs/EURUSD\EURUSD_sequence_490,True,577.0000000000164
2024-01-31 04:00:00,10491.99999999997,sell,sell,output_latest_data_part_multiple.zip/Pairs/EURUSD\EURUSD_sequence_491,True,377.00000000001637
2024-01-31 06:00:00,10391.99999999997,buy,sell,output_latest_data_part_multiple.zip/Pairs/EURUSD\EURUSD_sequence_493,False,477.00000000001637
2024-01-31 07:00:00,10291.99999999997,buy,sell,output_latest_data_part_multiple.zip/Pairs/EURUSD\EURUSD_sequence_494,False,577.0000000000164
2024-01-31 10:00:00,10191.99999999997,buy,buy,output_latest_data_part_multiple.zip/Pairs/EURUSD\EURUSD_sequence_497,True,677.0000000000164
2024-02-01 14:00:00,10091.99999999997,buy,buy,output_latest_data_part_multiple.zip/Pairs/EURUSD\EURUSD_sequence_525,True,777.0000000000164
2024-02-02 03:00:00,10094.99999999999,sell,sell,output_latest_data_part_multiple.zip/Pairs/EURUSD\EURUSD_sequence_538,True,773.9999999999964
2024-02-02 04:00:00,10026.999999999989,sell,buy,output_latest_data_part_multiple.zip/Pairs/EURUSD\EURUSD_sequence_539,False,841.9999999999982
2024-02-02 05:00:00,9972.99999999999,sell,buy,output_latest_data_part_multiple.zip/Pairs/EURUSD\EURUSD_sequence_540,False,895.9999999999964
2024-02-05 06:00:00,9872.99999999999,buy,sell,output_latest_data_part_multiple.zip/Pairs/EURUSD\EURUSD_sequence_565,False,995.9999999999964
2024-02-05 08:00:00,9927.999999999996,buy,buy,output_latest_data_part_multiple.zip/Pairs/EURUSD\EURUSD_sequence_567,True,940.9999999999909
2024-02-05 10:00:00,9827.999999999996,buy,sell,output_latest_data_part_multiple.zip/Pairs/EURUSD\EURUSD_sequence_569,False,1040.999999999991
2024-02-05 13:00:00,10027.999999999996,sell,sell,output_latest_data_part_multiple.zip/Pairs/EURUSD\EURUSD_sequence_572,True,840.9999999999909
2024-02-05 16:00:00,9927.999999999996,buy,sell,output_latest_data_part_multiple.zip/Pairs/EURUSD\EURUSD_sequence_575,False,940.9999999999909
2024-02-06 04:00:00,9961.999999999996,buy,buy,output_latest_data_part_multiple.zip/Pairs/EURUSD\EURUSD_sequence_587,True,906.9999999999909
2024-02-07 06:00:00,10027.999999999985,buy,buy,output_latest_data_part_multiple.zip/Pairs/EURUSD\EURUSD_sequence_613,True,841.0000000000018
2024-02-08 06:00:00,10106.999999999993,buy,buy,output_latest_data_part_multiple.zip/Pairs/EURUSD\EURUSD_sequence_637,True,761.9999999999945
2024-02-08 12:00:00,10006.999999999993,buy,sell,output_latest_data_part_multiple.zip/Pairs/EURUSD\EURUSD_sequence_643,False,861.9999999999945
2024-02-12 06:00:00,10084.999999999993,buy,buy,output_latest_data_part_multiple.zip/Pairs/EURUSD\EURUSD_sequence_685,True,783.9999999999945
2024-02-12 14:00:00,9984.999999999993,buy,sell,output_latest_data_part_multiple.zip/Pairs/EURUSD\EURUSD_sequence_693,False,883.9999999999945
2024-02-15 07:00:00,10015.999999999996,sell,sell,output_latest_data_part_multiple.zip/Pairs/EURUSD\EURUSD_sequence_758,True,852.9999999999909
2024-02-15 08:00:00,10048.99999999999,sell,sell,output_latest_data_part_multiple.zip/Pairs/EURUSD\EURUSD_sequence_759,True,819.9999999999964
2024-02-16 05:00:00,10179.999999999984,sell,sell,output_latest_data_part_multiple.zip/Pairs/EURUSD\EURUSD_sequence_780,True,689.0000000000036
2024-02-16 09:00:00,10138.999999999982,buy,sell,output_latest_data_part_multiple.zip/Pairs/EURUSD\EURUSD_sequence_784,False,730.0000000000055
2024-02-19 06:00:00,10181.999999999996,buy,buy,output_latest_data_part_multiple.zip/Pairs/EURUSD\EURUSD_sequence_805,True,686.9999999999909
2024-02-19 08:00:00,10186.999999999985,sell,sell,output_latest_data_part_multiple.zip/Pairs/EURUSD\EURUSD_sequence_807,True,682.0000000000018
2024-02-19 21:00:00,10268.999999999967,buy,buy,output_latest_data_part_multiple.zip/Pairs/EURUSD\EURUSD_sequence_820,True,600.00000000002
2024-02-20 06:00:00,10168.999999999967,buy,sell,output_latest_data_part_multiple.zip/Pairs/EURUSD\EURUSD_sequence_829,False,700.00000000002
2024-02-20 07:00:00,10068.999999999967,buy,sell,output_latest_data_part_multiple.zip/Pairs/EURUSD\EURUSD_sequence_830,False,800.00000000002
2024-02-21 00:00:00,10028.999999999949,buy,sell,output_latest_data_part_multiple.zip/Pairs/EURUSD\EURUSD_sequence_847,False,840.0000000000382
2024-02-23 06:00:00,10060.999999999958,buy,buy,output_latest_data_part_multiple.zip/Pairs/EURUSD\EURUSD_sequence_901,True,808.0000000000291
2024-02-26 08:00:00,10134.999999999955,buy,buy,output_latest_data_part_multiple.zip/Pairs/EURUSD\EURUSD_sequence_927,True,734.0000000000327
2024-02-26 10:00:00,10284.99999999996,buy,buy,output_latest_data_part_multiple.zip/Pairs/EURUSD\EURUSD_sequence_929,True,584.0000000000273
2024-02-26 23:00:00,10283.999999999953,sell,buy,output_latest_data_part_multiple.zip/Pairs/EURUSD\EURUSD_sequence_942,False,585.0000000000346
2024-02-27 03:00:00,10246.999999999955,sell,buy,output_latest_data_part_multiple.zip/Pairs/EURUSD\EURUSD_sequence_946,False,622.0000000000327
2024-02-27 04:00:00,10237.99999999994,sell,buy,output_latest_data_part_multiple.zip/Pairs/EURUSD\EURUSD_sequence_947,False,631.0000000000473
2024-02-27 06:00:00,10278.999999999942,buy,buy,output_latest_data_part_multiple.zip/Pairs/EURUSD\EURUSD_sequence_949,True,590.0000000000455
2024-02-28 03:00:00,10231.999999999945,buy,sell,output_latest_data_part_multiple.zip/Pairs/EURUSD\EURUSD_sequence_970,False,637.0000000000418
2024-02-28 07:00:00,10131.999999999945,buy,sell,output_latest_data_part_multiple.zip/Pairs/EURUSD\EURUSD_sequence_974,False,737.0000000000418
2024-02-28 15:00:00,10031.999999999945,buy,buy,output_latest_data_part_multiple.zip/Pairs/EURUSD\EURUSD_sequence_982,True,837.0000000000418
2024-03-01 06:00:00,10115.99999999994,buy,buy,output_latest_data_part_multiple.zip/Pairs/EURUSD\EURUSD_sequence_1021,True,753.0000000000473
2024-03-01 08:00:00,10015.99999999994,sell,sell,output_latest_data_part_multiple.zip/Pairs/EURUSD\EURUSD_sequence_1023,True,853.0000000000473
2024-03-04 05:00:00,9975.999999999944,sell,buy,output_latest_data_part_multiple.zip/Pairs/EURUSD\EURUSD_sequence_1044,False,893.0000000000437
2024-03-05 06:00:00,9954.999999999962,buy,sell,output_latest_data_part_multiple.zip/Pairs/EURUSD\EURUSD_sequence_1069,False,914.0000000000255
2024-03-05 07:00:00,9944.999999999964,buy,sell,output_latest_data_part_multiple.zip/Pairs/EURUSD\EURUSD_sequence_1070,False,924.0000000000236
2024-03-05 20:00:00,10144.999999999964,buy,buy,output_latest_data_part_multiple.zip/Pairs/EURUSD\EURUSD_sequence_1083,True,724.0000000000236
2024-03-06 20:00:00,10344.999999999964,buy,buy,output_latest_data_part_multiple.zip/Pairs/EURUSD\EURUSD_sequence_1107,True,524.0000000000236
2024-03-12 06:00:00,10449.999999999964,buy,buy,output_latest_data_part_multiple.zip/Pairs/EURUSD\EURUSD_sequence_1189,True,419.00000000002365
2024-03-12 07:00:00,10567.99999999996,buy,buy,output_latest_data_part_multiple.zip/Pairs/EURUSD\EURUSD_sequence_1190,True,301.0000000000273
2024-03-12 14:00:00,10614.999999999956,sell,sell,output_latest_data_part_multiple.zip/Pairs/EURUSD\EURUSD_sequence_1197,True,254.00000000003092
2024-03-13 04:00:00,10634.999999999955,sell,sell,output_latest_data_part_multiple.zip/Pairs/EURUSD\EURUSD_sequence_1211,True,234.00000000003274
2024-03-13 05:00:00,10633.99999999997,sell,buy,output_latest_data_part_multiple.zip/Pairs/EURUSD\EURUSD_sequence_1212,False,235.00000000001637
2024-03-15 08:00:00,10575.999999999969,buy,sell,output_latest_data_part_multiple.zip/Pairs/EURUSD\EURUSD_sequence_1263,False,293.0000000000182
2024-03-15 09:00:00,10595.999999999989,buy,buy,output_latest_data_part_multiple.zip/Pairs/EURUSD\EURUSD_sequence_1264,True,272.9999999999982
2024-03-15 10:00:00,10633.999999999995,buy,buy,output_latest_data_part_multiple.zip/Pairs/EURUSD\EURUSD_sequence_1265,True,234.99999999999272
2024-03-18 03:00:00,10683.999999999989,sell,sell,output_latest_data_part_multiple.zip/Pairs/EURUSD\EURUSD_sequence_1282,True,184.99999999999818
2024-03-18 06:00:00,10659.999999999987,buy,sell,output_latest_data_part_multiple.zip/Pairs/EURUSD\EURUSD_sequence_1285,False,209.0
2024-03-19 06:00:00,10668.99999999998,buy,buy,output_latest_data_part_multiple.zip/Pairs/EURUSD\EURUSD_sequence_1309,True,200.00000000000728
2024-03-20 05:00:00,10635.999999999964,sell,buy,output_latest_data_part_multiple.zip/Pairs/EURUSD\EURUSD_sequence_1332,False,233.00000000002365
2024-03-20 06:00:00,10592.99999999997,sell,buy,output_latest_data_part_multiple.zip/Pairs/EURUSD\EURUSD_sequence_1333,False,276.00000000001637
2024-03-21 08:00:00,10649.999999999967,sell,sell,output_latest_data_part_multiple.zip/Pairs/EURUSD\EURUSD_sequence_1359,True,219.00000000002
2024-03-21 10:00:00,10712.999999999958,sell,sell,output_latest_data_part_multiple.zip/Pairs/EURUSD\EURUSD_sequence_1361,True,156.0000000000291
2024-03-21 11:00:00,10912.999999999958,sell,sell,output_latest_data_part_multiple.zip/Pairs/EURUSD\EURUSD_sequence_1362,True,0.0
2024-03-21 12:00:00,11112.999999999958,sell,sell,output_latest_data_part_multiple.zip/Pairs/EURUSD\EURUSD_sequence_1363,True,0.0
2024-03-22 15:00:00,11012.999999999958,buy,sell,output_latest_data_part_multiple.zip/Pairs/EURUSD\EURUSD_sequence_1390,False,100.0
2024-03-25 01:00:00,11040.999999999964,buy,buy,output_latest_data_part_multiple.zip/Pairs/EURUSD\EURUSD_sequence_1400,True,71.99999999999454
2024-03-25 02:00:00,11052.999999999976,buy,buy,output_latest_data_part_multiple.zip/Pairs/EURUSD\EURUSD_sequence_1401,True,59.99999999998181
2024-03-25 09:00:00,11191.999999999976,buy,buy,output_latest_data_part_multiple.zip/Pairs/EURUSD\EURUSD_sequence_1408,True,0.0
2024-03-26 04:00:00,11178.99999999998,sell,buy,output_latest_data_part_multiple.zip/Pairs/EURUSD\EURUSD_sequence_1427,False,12.999999999996362
2024-03-27 07:00:00,11078.99999999998,buy,sell,output_latest_data_part_multiple.zip/Pairs/EURUSD\EURUSD_sequence_1454,False,112.99999999999636
2024-03-28 06:00:00,10978.99999999998,buy,sell,output_latest_data_part_multiple.zip/Pairs/EURUSD\EURUSD_sequence_1477,False,212.99999999999636
2024-03-28 07:00:00,11077.999999999985,buy,buy,output_latest_data_part_multiple.zip/Pairs/EURUSD\EURUSD_sequence_1478,True,113.9999999999909
2024-03-28 14:00:00,11277.999999999985,sell,sell,output_latest_data_part_multiple.zip/Pairs/EURUSD\EURUSD_sequence_1485,True,0.0
2024-03-28 23:00:00,11177.999999999985,buy,sell,output_latest_data_part_multiple.zip/Pairs/EURUSD\EURUSD_sequence_1494,False,100.0
2024-03-29 04:00:00,11077.999999999985,buy,sell,output_latest_data_part_multiple.zip/Pairs/EURUSD\EURUSD_sequence_1499,False,200.0
2024-03-29 09:00:00,10997.999999999995,buy,sell,output_latest_data_part_multiple.zip/Pairs/EURUSD\EURUSD_sequence_1504,False,279.9999999999909
2024-03-29 10:00:00,10922.000000000007,buy,sell,output_latest_data_part_multiple.zip/Pairs/EURUSD\EURUSD_sequence_1505,False,355.9999999999782
2024-03-29 12:00:00,10996.999999999987,buy,buy,output_latest_data_part_multiple.zip/Pairs/EURUSD\EURUSD_sequence_1507,True,280.9999999999982
2024-03-29 16:00:00,11196.999999999987,buy,buy,output_latest_data_part_multiple.zip/Pairs/EURUSD\EURUSD_sequence_1511,True,80.99999999999818
2024-04-01 06:00:00,11188.99999999998,buy,sell,output_latest_data_part_multiple.zip/Pairs/EURUSD\EURUSD_sequence_1525,False,89.00000000000546
2024-04-01 07:00:00,11189.999999999987,buy,buy,output_latest_data_part_multiple.zip/Pairs/EURUSD\EURUSD_sequence_1526,True,87.99999999999818
2024-04-01 19:00:00,11089.999999999987,buy,sell,output_latest_data_part_multiple.zip/Pairs/EURUSD\EURUSD_sequence_1538,False,187.99999999999818
2024-04-02 07:00:00,10989.999999999987,buy,sell,output_latest_data_part_multiple.zip/Pairs/EURUSD\EURUSD_sequence_1550,False,287.9999999999982
2024-04-02 08:00:00,10889.999999999987,buy,sell,output_latest_data_part_multiple.zip/Pairs/EURUSD\EURUSD_sequence_1551,False,387.9999999999982
2024-04-02 14:00:00,11089.999999999987,buy,buy,output_latest_data_part_multiple.zip/Pairs/EURUSD\EURUSD_sequence_1557,True,187.99999999999818
2024-04-03 04:00:00,11047.999999999978,sell,buy,output_latest_data_part_multiple.zip/Pairs/EURUSD\EURUSD_sequence_1571,False,230.00000000000728
2024-04-03 06:00:00,11008.999999999967,sell,buy,output_latest_data_part_multiple.zip/Pairs/EURUSD\EURUSD_sequence_1573,False,269.0000000000182
2024-04-03 14:00:00,10908.999999999967,buy,buy,output_latest_data_part_multiple.zip/Pairs/EURUSD\EURUSD_sequence_1581,True,369.0000000000182
2024-04-03 18:00:00,11108.999999999967,buy,buy,output_latest_data_part_multiple.zip/Pairs/EURUSD\EURUSD_sequence_1585,True,169.0000000000182
2024-04-04 05:00:00,11045.999999999976,sell,buy,output_latest_data_part_multiple.zip/Pairs/EURUSD\EURUSD_sequence_1596,False,232.0000000000091
2024-04-04 07:00:00,10994.999999999975,sell,buy,output_latest_data_part_multiple.zip/Pairs/EURUSD\EURUSD_sequence_1598,False,283.0000000000109
2024-04-04 08:00:00,10957.999999999976,sell,buy,output_latest_data_part_multiple.zip/Pairs/EURUSD\EURUSD_sequence_1599,False,320.0000000000091
2024-04-05 10:00:00,11080.999999999984,buy,buy,output_latest_data_part_multiple.zip/Pairs/EURUSD\EURUSD_sequence_1625,True,197.00000000000182
2024-04-05 11:00:00,11280.999999999984,buy,buy,output_latest_data_part_multiple.zip/Pairs/EURUSD\EURUSD_sequence_1626,True,0.0
2024-04-05 15:00:00,11180.999999999984,sell,sell,output_latest_data_part_multiple.zip/Pairs/EURUSD\EURUSD_sequence_1630,True,100.0
2024-04-08 07:00:00,11222.999999999993,buy,buy,output_latest_data_part_multiple.zip/Pairs/EURUSD\EURUSD_sequence_1646,True,57.999999999990905
2024-04-08 09:00:00,11294.999999999976,buy,buy,output_latest_data_part_multiple.zip/Pairs/EURUSD\EURUSD_sequence_1648,True,0.0
2024-04-10 10:00:00,11305.999999999982,buy,buy,output_latest_data_part_multiple.zip/Pairs/EURUSD\EURUSD_sequence_1697,True,0.0
2024-04-15 06:00:00,11505.999999999982,buy,buy,output_latest_data_part_multiple.zip/Pairs/EURUSD\EURUSD_sequence_1765,True,0.0
2024-04-16 09:00:00,11405.999999999982,buy,sell,output_latest_data_part_multiple.zip/Pairs/EURUSD\EURUSD_sequence_1792,False,100.0
2024-04-16 10:00:00,11305.999999999982,buy,buy,output_latest_data_part_multiple.zip/Pairs/EURUSD\EURUSD_sequence_1793,True,200.0
2024-04-17 06:00:00,11405.99999999997,buy,buy,output_latest_data_part_multiple.zip/Pairs/EURUSD\EURUSD_sequence_1813,True,100.00000000001091
2024-04-17 13:00:00,11305.99999999997,buy,buy,output_latest_data_part_multiple.zip/Pairs/EURUSD\EURUSD_sequence_1820,True,200.0000000000109
2024-04-19 07:00:00,11205.99999999997,buy,sell,output_latest_data_part_multiple.zip/Pairs/EURUSD\EURUSD_sequence_1862,False,300.0000000000109
2024-04-19 09:00:00,11105.99999999997,buy,buy,output_latest_data_part_multiple.zip/Pairs/EURUSD\EURUSD_sequence_1864,True,400.0000000000109
2024-04-22 06:00:00,11195.999999999962,buy,buy,output_latest_data_part_multiple.zip/Pairs/EURUSD\EURUSD_sequence_1885,True,310.00000000002
2024-04-22 16:00:00,11095.999999999962,buy,sell,output_latest_data_part_multiple.zip/Pairs/EURUSD\EURUSD_sequence_1895,False,410.00000000002
2024-04-23 09:00:00,11295.999999999962,sell,sell,output_latest_data_part_multiple.zip/Pairs/EURUSD\EURUSD_sequence_1912,True,210.00000000002
2024-04-25 06:00:00,11388.99999999997,buy,buy,output_latest_data_part_multiple.zip/Pairs/EURUSD\EURUSD_sequence_1957,True,117.00000000001091
2024-04-25 14:00:00,11288.99999999997,sell,buy,output_latest_data_part_multiple.zip/Pairs/EURUSD\EURUSD_sequence_1965,False,217.0000000000109
2024-04-26 06:00:00,11235.999999999956,buy,sell,output_latest_data_part_multiple.zip/Pairs/EURUSD\EURUSD_sequence_1981,False,270.00000000002547
2024-04-29 06:00:00,11435.999999999956,buy,buy,output_latest_data_part_multiple.zip/Pairs/EURUSD\EURUSD_sequence_2005,True,70.00000000002547
2024-04-29 10:00:00,11335.999999999956,sell,buy,output_latest_data_part_multiple.zip/Pairs/EURUSD\EURUSD_sequence_2009,False,170.00000000002547
2024-04-29 11:00:00,11235.999999999956,sell,sell,output_latest_data_part_multiple.zip/Pairs/EURUSD\EURUSD_sequence_2010,True,270.00000000002547
2024-04-30 08:00:00,11135.999999999956,buy,sell,output_latest_data_part_multiple.zip/Pairs/EURUSD\EURUSD_sequence_2031,False,370.00000000002547
2024-05-01 05:00:00,11053.999999999975,buy,sell,output_latest_data_part_multiple.zip/Pairs/EURUSD\EURUSD_sequence_2052,False,452.0000000000073
2024-05-01 07:00:00,10953.999999999975,buy,sell,output_latest_data_part_multiple.zip/Pairs/EURUSD\EURUSD_sequence_2054,False,552.0000000000073
2024-05-01 09:00:00,10853.999999999975,buy,sell,output_latest_data_part_multiple.zip/Pairs/EURUSD\EURUSD_sequence_2056,False,652.0000000000073
2024-05-01 10:00:00,10753.999999999975,buy,buy,output_latest_data_part_multiple.zip/Pairs/EURUSD\EURUSD_sequence_2057,True,752.0000000000073
2024-05-01 13:00:00,10884.999999999967,buy,buy,output_latest_data_part_multiple.zip/Pairs/EURUSD\EURUSD_sequence_2060,True,621.0000000000146
2024-05-02 11:00:00,11029.999999999962,sell,sell,output_latest_data_part_multiple.zip/Pairs/EURUSD\EURUSD_sequence_2082,True,476.00000000002
2024-05-03 06:00:00,11137.999999999958,buy,buy,output_latest_data_part_multiple.zip/Pairs/EURUSD\EURUSD_sequence_2101,True,368.00000000002365
2024-05-03 10:00:00,11165.999999999964,sell,sell,output_latest_data_part_multiple.zip/Pairs/EURUSD\EURUSD_sequence_2105,True,340.0000000000182
2024-05-06 23:00:00,11065.999999999964,buy,sell,output_latest_data_part_multiple.zip/Pairs/EURUSD\EURUSD_sequence_2142,False,440.0000000000182
2024-05-07 06:00:00,11067.999999999955,buy,buy,output_latest_data_part_multiple.zip/Pairs/EURUSD\EURUSD_sequence_2149,True,438.0000000000273
2024-05-08 06:00:00,10967.999999999955,buy,sell,output_latest_data_part_multiple.zip/Pairs/EURUSD\EURUSD_sequence_2173,False,538.0000000000273
2024-05-08 07:00:00,10867.999999999955,buy,sell,output_latest_data_part_multiple.zip/Pairs/EURUSD\EURUSD_sequence_2174,False,638.0000000000273
2024-05-08 10:00:00,10850.999999999955,buy,sell,output_latest_data_part_multiple.zip/Pairs/EURUSD\EURUSD_sequence_2177,False,655.0000000000273
2024-05-08 11:00:00,10879.999999999945,buy,buy,output_latest_data_part_multiple.zip/Pairs/EURUSD\EURUSD_sequence_2178,True,626.0000000000364
2024-05-08 15:00:00,10838.999999999944,sell,buy,output_latest_data_part_multiple.zip/Pairs/EURUSD\EURUSD_sequence_2182,False,667.0000000000382
2024-05-09 05:00:00,10833.999999999933,sell,buy,output_latest_data_part_multiple.zip/Pairs/EURUSD\EURUSD_sequence_2196,False,672.0000000000491
2024-05-09 06:00:00,10848.999999999942,sell,sell,output_latest_data_part_multiple.zip/Pairs/EURUSD\EURUSD_sequence_2197,True,657.00000000004
2024-05-10 04:00:00,10910.999999999949,sell,sell,output_latest_data_part_multiple.zip/Pairs/EURUSD\EURUSD_sequence_2219,True,595.0000000000327
2024-05-10 05:00:00,10994.999999999944,sell,sell,output_latest_data_part_multiple.zip/Pairs/EURUSD\EURUSD_sequence_2220,True,511.0000000000382
2024-05-14 07:00:00,10950.999999999944,buy,sell,output_latest_data_part_multiple.zip/Pairs/EURUSD\EURUSD_sequence_2270,False,555.0000000000382
2024-05-14 08:00:00,11008.999999999945,sell,sell,output_latest_data_part_multiple.zip/Pairs/EURUSD\EURUSD_sequence_2271,True,497.0000000000364
2024-05-14 13:00:00,10908.999999999945,buy,buy,output_latest_data_part_multiple.zip/Pairs/EURUSD\EURUSD_sequence_2276,True,597.0000000000364
2024-05-15 06:00:00,11000.999999999949,buy,buy,output_latest_data_part_multiple.zip/Pairs/EURUSD\EURUSD_sequence_2293,True,505.00000000003274
2024-05-16 04:00:00,10900.999999999949,sell,buy,output_latest_data_part_multiple.zip/Pairs/EURUSD\EURUSD_sequence_2315,False,605.0000000000327
2024-05-16 05:00:00,10800.999999999949,sell,buy,output_latest_data_part_multiple.zip/Pairs/EURUSD\EURUSD_sequence_2316,False,705.0000000000327
2024-05-16 06:00:00,10700.999999999949,sell,buy,output_latest_data_part_multiple.zip/Pairs/EURUSD\EURUSD_sequence_2317,False,805.0000000000327
2024-05-16 07:00:00,10745.999999999955,sell,sell,output_latest_data_part_multiple.zip/Pairs/EURUSD\EURUSD_sequence_2318,True,760.0000000000273
2024-05-16 08:00:00,10835.999999999967,sell,sell,output_latest_data_part_multiple.zip/Pairs/EURUSD\EURUSD_sequence_2319,True,670.0000000000146
2024-05-16 09:00:00,11008.999999999969,sell,sell,output_latest_data_part_multiple.zip/Pairs/EURUSD\EURUSD_sequence_2320,True,497.00000000001273
2024-05-16 14:00:00,10908.999999999969,buy,sell,output_latest_data_part_multiple.zip/Pairs/EURUSD\EURUSD_sequence_2325,False,597.0000000000127
2024-05-17 06:00:00,10808.999999999969,buy,sell,output_latest_data_part_multiple.zip/Pairs/EURUSD\EURUSD_sequence_2341,False,697.0000000000127
2024-05-17 08:00:00,10708.999999999969,buy,sell,output_latest_data_part_multiple.zip/Pairs/EURUSD\EURUSD_sequence_2343,False,797.0000000000127
2024-05-20 06:00:00,10794.999999999978,buy,buy,output_latest_data_part_multiple.zip/Pairs/EURUSD\EURUSD_sequence_2365,True,711.0000000000036
2024-05-21 04:00:00,10755.999999999967,buy,sell,output_latest_data_part_multiple.zip/Pairs/EURUSD\EURUSD_sequence_2387,False,750.0000000000146
2024-05-21 06:00:00,10723.99999999998,buy,sell,output_latest_data_part_multiple.zip/Pairs/EURUSD\EURUSD_sequence_2389,False,782.0000000000018
2024-05-21 08:00:00,10740.99999999998,sell,sell,output_latest_data_part_multiple.zip/Pairs/EURUSD\EURUSD_sequence_2391,True,765.0000000000018
2024-05-22 04:00:00,10699.999999999978,sell,buy,output_latest_data_part_multiple.zip/Pairs/EURUSD\EURUSD_sequence_2411,False,806.0000000000036
2024-05-23 01:00:00,10899.999999999978,sell,sell,output_latest_data_part_multiple.zip/Pairs/EURUSD\EURUSD_sequence_2432,True,606.0000000000036
2024-05-24 12:00:00,11099.999999999978,buy,buy,output_latest_data_part_multiple.zip/Pairs/EURUSD\EURUSD_sequence_2467,True,406.00000000000364
2024-05-28 06:00:00,11299.999999999978,buy,buy,output_latest_data_part_multiple.zip/Pairs/EURUSD\EURUSD_sequence_2509,True,206.00000000000364
2024-05-29 07:00:00,11199.999999999978,buy,sell,output_latest_data_part_multiple.zip/Pairs/EURUSD\EURUSD_sequence_2534,False,306.00000000000364
2024-05-29 08:00:00,11135.99999999998,buy,sell,output_latest_data_part_multiple.zip/Pairs/EURUSD\EURUSD_sequence_2535,False,370.0000000000018
2024-05-29 11:00:00,11035.99999999998,buy,sell,output_latest_data_part_multiple.zip/Pairs/EURUSD\EURUSD_sequence_2538,False,470.0000000000018
2024-05-29 22:00:00,10935.99999999998,buy,sell,output_latest_data_part_multiple.zip/Pairs/EURUSD\EURUSD_sequence_2549,False,570.0000000000018
2024-05-30 03:00:00,10835.99999999998,buy,sell,output_latest_data_part_multiple.zip/Pairs/EURUSD\EURUSD_sequence_2554,False,670.0000000000018
2024-05-30 04:00:00,10801.99999999998,buy,sell,output_latest_data_part_multiple.zip/Pairs/EURUSD\EURUSD_sequence_2555,False,704.0000000000018
2024-05-30 09:00:00,10792.999999999987,buy,sell,output_latest_data_part_multiple.zip/Pairs/EURUSD\EURUSD_sequence_2560,False,712.9999999999945
2024-05-31 04:00:00,10693.999999999982,buy,sell,output_latest_data_part_multiple.zip/Pairs/EURUSD\EURUSD_sequence_2579,False,812.0
2024-05-31 10:00:00,10719.999999999975,buy,buy,output_latest_data_part_multiple.zip/Pairs/EURUSD\EURUSD_sequence_2585,True,786.0000000000073
2024-06-03 06:00:00,10749.99999999997,buy,buy,output_latest_data_part_multiple.zip/Pairs/EURUSD\EURUSD_sequence_2605,True,756.0000000000109
2024-06-04 02:00:00,10649.99999999997,sell,buy,output_latest_data_part_multiple.zip/Pairs/EURUSD\EURUSD_sequence_2625,False,856.0000000000109
2024-06-04 04:00:00,10549.99999999997,sell,buy,output_latest_data_part_multiple.zip/Pairs/EURUSD\EURUSD_sequence_2627,False,956.0000000000109
2024-06-04 05:00:00,10449.99999999997,sell,buy,output_latest_data_part_multiple.zip/Pairs/EURUSD\EURUSD_sequence_2628,False,1056.000000000011
2024-06-04 06:00:00,10349.99999999997,sell,buy,output_latest_data_part_multiple.zip/Pairs/EURUSD\EURUSD_sequence_2629,False,1156.000000000011
2024-06-04 07:00:00,10329.999999999973,sell,buy,output_latest_data_part_multiple.zip/Pairs/EURUSD\EURUSD_sequence_2630,False,1176.000000000009
2024-06-04 08:00:00,10369.999999999969,sell,sell,output_latest_data_part_multiple.zip/Pairs/EURUSD\EURUSD_sequence_2631,True,1136.0000000000127
2024-06-04 09:00:00,10528.999999999967,sell,sell,output_latest_data_part_multiple.zip/Pairs/EURUSD\EURUSD_sequence_2632,True,977.0000000000146
2024-06-05 18:00:00,10428.999999999967,buy,sell,output_latest_data_part_multiple.zip/Pairs/EURUSD\EURUSD_sequence_2665,False,1077.0000000000146
2024-06-06 06:00:00,10628.999999999967,buy,buy,output_latest_data_part_multiple.zip/Pairs/EURUSD\EURUSD_sequence_2677,True,877.0000000000146
2024-06-06 16:00:00,10528.999999999967,buy,buy,output_latest_data_part_multiple.zip/Pairs/EURUSD\EURUSD_sequence_2687,True,977.0000000000146
2024-06-07 19:00:00,10428.999999999967,buy,sell,output_latest_data_part_multiple.zip/Pairs/EURUSD\EURUSD_sequence_2714,False,1077.0000000000146
2024-06-10 06:00:00,10328.999999999967,buy,sell,output_latest_data_part_multiple.zip/Pairs/EURUSD\EURUSD_sequence_2725,False,1177.0000000000146
2024-06-10 07:00:00,10228.999999999967,buy,sell,output_latest_data_part_multiple.zip/Pairs/EURUSD\EURUSD_sequence_2726,False,1277.0000000000146
2024-06-10 08:00:00,10128.999999999967,buy,sell,output_latest_data_part_multiple.zip/Pairs/EURUSD\EURUSD_sequence_2727,False,1377.0000000000146
2024-06-10 12:00:00,10028.999999999967,buy,sell,output_latest_data_part_multiple.zip/Pairs/EURUSD\EURUSD_sequence_2731,False,1477.0000000000146
2024-06-10 13:00:00,9928.999999999967,buy,sell,output_latest_data_part_multiple.zip/Pairs/EURUSD\EURUSD_sequence_2732,False,1577.0000000000146
2024-06-10 22:00:00,10128.999999999967,buy,buy,output_latest_data_part_multiple.zip/Pairs/EURUSD\EURUSD_sequence_2741,True,1377.0000000000146
2024-06-12 03:00:00,10203.999999999947,sell,sell,output_latest_data_part_multiple.zip/Pairs/EURUSD\EURUSD_sequence_2770,True,1302.0000000000346
2024-06-12 07:00:00,10160.999999999955,buy,sell,output_latest_data_part_multiple.zip/Pairs/EURUSD\EURUSD_sequence_2774,False,1345.0000000000273
2024-06-12 09:00:00,10214.999999999953,buy,buy,output_latest_data_part_multiple.zip/Pairs/EURUSD\EURUSD_sequence_2776,True,1291.000000000029
2024-06-13 03:00:00,10224.99999999995,buy,buy,output_latest_data_part_multiple.zip/Pairs/EURUSD\EURUSD_sequence_2794,True,1281.000000000031
2024-06-13 10:00:00,10321.999999999965,buy,buy,output_latest_data_part_multiple.zip/Pairs/EURUSD\EURUSD_sequence_2801,True,1184.0000000000164
2024-06-13 13:00:00,10221.999999999965,buy,sell,output_latest_data_part_multiple.zip/Pairs/EURUSD\EURUSD_sequence_2804,False,1284.0000000000164
2024-06-14 22:00:00,10421.999999999965,buy,buy,output_latest_data_part_multiple.zip/Pairs/EURUSD\EURUSD_sequence_2837,True,1084.0000000000164
2024-06-17 05:00:00,10437.999999999982,sell,sell,output_latest_data_part_multiple.zip/Pairs/EURUSD\EURUSD_sequence_2844,True,1068.0
2024-06-18 08:00:00,10637.999999999982,sell,sell,output_latest_data_part_multiple.zip/Pairs/EURUSD\EURUSD_sequence_2871,True,868.0
2024-06-18 10:00:00,10592.999999999976,buy,sell,output_latest_data_part_multiple.zip/Pairs/EURUSD\EURUSD_sequence_2873,False,913.0000000000055
2024-06-20 06:00:00,10569.999999999982,buy,sell,output_latest_data_part_multiple.zip/Pairs/EURUSD\EURUSD_sequence_2917,False,936.0
2024-06-21 08:00:00,10469.999999999982,sell,buy,output_latest_data_part_multiple.zip/Pairs/EURUSD\EURUSD_sequence_2943,False,1036.0
2024-06-21 09:00:00,10369.999999999982,sell,buy,output_latest_data_part_multiple.zip/Pairs/EURUSD\EURUSD_sequence_2944,False,1136.0
2024-06-21 13:00:00,10569.999999999982,sell,sell,output_latest_data_part_multiple.zip/Pairs/EURUSD\EURUSD_sequence_2948,True,936.0
2024-06-21 15:00:00,10469.999999999982,buy,sell,output_latest_data_part_multiple.zip/Pairs/EURUSD\EURUSD_sequence_2950,False,1036.0
2024-06-24 06:00:00,10495.999999999996,buy,buy,output_latest_data_part_multiple.zip/Pairs/EURUSD\EURUSD_sequence_2965,True,1009.9999999999854
2024-06-24 08:00:00,10606.000000000007,buy,buy,output_latest_data_part_multiple.zip/Pairs/EURUSD\EURUSD_sequence_2967,True,899.9999999999745
2024-06-25 06:00:00,10661.999999999996,buy,buy,output_latest_data_part_multiple.zip/Pairs/EURUSD\EURUSD_sequence_2989,True,843.9999999999854
2024-06-25 07:00:00,10727.999999999985,buy,buy,output_latest_data_part_multiple.zip/Pairs/EURUSD\EURUSD_sequence_2990,True,777.9999999999964
2024-06-25 08:00:00,10820.999999999973,buy,buy,output_latest_data_part_multiple.zip/Pairs/EURUSD\EURUSD_sequence_2991,True,685.0000000000091
2024-06-26 06:00:00,10801.999999999982,buy,sell,output_latest_data_part_multiple.zip/Pairs/EURUSD\EURUSD_sequence_3013,False,704.0
2024-06-26 22:00:00,11001.999999999982,buy,buy,output_latest_data_part_multiple.zip/Pairs/EURUSD\EURUSD_sequence_3029,True,504.0
2024-06-27 23:00:00,10901.999999999982,buy,sell,output_latest_data_part_multiple.zip/Pairs/EURUSD\EURUSD_sequence_3054,False,604.0
2024-07-02 04:00:00,10939.999999999987,sell,sell,output_latest_data_part_multiple.zip/Pairs/EURUSD\EURUSD_sequence_3107,True,565.9999999999945
2024-07-02 05:00:00,10986.0,sell,sell,output_latest_data_part_multiple.zip/Pairs/EURUSD\EURUSD_sequence_3108,True,519.9999999999818
2024-07-02 06:00:00,10921.99999999998,buy,sell,output_latest_data_part_multiple.zip/Pairs/EURUSD\EURUSD_sequence_3109,False,584.0000000000018
2024-07-02 07:00:00,10844.999999999985,buy,sell,output_latest_data_part_multiple.zip/Pairs/EURUSD\EURUSD_sequence_3110,False,660.9999999999964
2024-07-02 10:00:00,10744.999999999985,buy,sell,output_latest_data_part_multiple.zip/Pairs/EURUSD\EURUSD_sequence_3113,False,760.9999999999964
2024-07-03 03:00:00,10644.999999999985,sell,buy,output_latest_data_part_multiple.zip/Pairs/EURUSD\EURUSD_sequence_3130,False,860.9999999999964
2024-07-03 04:00:00,10688.0,sell,sell,output_latest_data_part_multiple.zip/Pairs/EURUSD\EURUSD_sequence_3131,True,817.9999999999818
2024-07-03 05:00:00,10703.999999999995,sell,sell,output_latest_data_part_multiple.zip/Pairs/EURUSD\EURUSD_sequence_3132,True,801.9999999999873
2024-07-03 07:00:00,10768.999999999976,sell,sell,output_latest_data_part_multiple.zip/Pairs/EURUSD\EURUSD_sequence_3134,True,737.0000000000055
2024-07-03 08:00:00,10863.999999999976,sell,sell,output_latest_data_part_multiple.zip/Pairs/EURUSD\EURUSD_sequence_3135,True,642.0000000000055
2024-07-03 14:00:00,11063.999999999976,buy,buy,output_latest_data_part_multiple.zip/Pairs/EURUSD\EURUSD_sequence_3141,True,442.00000000000546
2024-07-04 06:00:00,11062.999999999969,buy,sell,output_latest_data_part_multiple.zip/Pairs/EURUSD\EURUSD_sequence_3157,False,443.00000000001273
2024-07-04 07:00:00,11093.99999999995,sell,sell,output_latest_data_part_multiple.zip/Pairs/EURUSD\EURUSD_sequence_3158,True,412.0000000000309
2024-07-04 08:00:00,11103.999999999949,sell,sell,output_latest_data_part_multiple.zip/Pairs/EURUSD\EURUSD_sequence_3159,True,402.00000000003274
2024-07-04 12:00:00,11229.999999999953,buy,buy,output_latest_data_part_multiple.zip/Pairs/EURUSD\EURUSD_sequence_3163,True,276.0000000000291
2024-07-05 04:00:00,11199.999999999956,sell,buy,output_latest_data_part_multiple.zip/Pairs/EURUSD\EURUSD_sequence_3179,False,306.00000000002547
2024-07-05 07:00:00,11302.999999999965,buy,buy,output_latest_data_part_multiple.zip/Pairs/EURUSD\EURUSD_sequence_3182,True,203.00000000001637
2024-07-05 15:00:00,11202.999999999965,buy,buy,output_latest_data_part_multiple.zip/Pairs/EURUSD\EURUSD_sequence_3190,True,303.00000000001637
2024-07-08 04:00:00,11402.999999999965,sell,sell,output_latest_data_part_multiple.zip/Pairs/EURUSD\EURUSD_sequence_3203,True,103.00000000001637
2024-07-08 06:00:00,11602.999999999965,buy,buy,output_latest_data_part_multiple.zip/Pairs/EURUSD\EURUSD_sequence_3205,True,0.0
2024-07-08 12:00:00,11502.999999999965,sell,buy,output_latest_data_part_multiple.zip/Pairs/EURUSD\EURUSD_sequence_3211,False,100.0
2024-07-08 14:00:00,11702.999999999965,buy,buy,output_latest_data_part_multiple.zip/Pairs/EURUSD\EURUSD_sequence_3213,True,0.0
2024-07-09 04:00:00,11687.999999999956,buy,sell,output_latest_data_part_multiple.zip/Pairs/EURUSD\EURUSD_sequence_3227,False,15.000000000009095
2024-07-09 19:00:00,11587.999999999956,buy,sell,output_latest_data_part_multiple.zip/Pairs/EURUSD\EURUSD_sequence_3242,False,115.0000000000091
2024-07-10 06:00:00,11643.999999999967,buy,buy,output_latest_data_part_multiple.zip/Pairs/EURUSD\EURUSD_sequence_3253,True,58.99999999999818
2024-07-11 12:00:00,11543.999999999967,sell,buy,output_latest_data_part_multiple.zip/Pairs/EURUSD\EURUSD_sequence_3283,False,158.99999999999818
2024-07-12 06:00:00,11571.999999999973,buy,buy,output_latest_data_part_multiple.zip/Pairs/EURUSD\EURUSD_sequence_3301,True,130.99999999999272
2024-07-15 06:00:00,11632.999999999973,buy,buy,output_latest_data_part_multiple.zip/Pairs/EURUSD\EURUSD_sequence_3325,True,69.99999999999272
2024-07-15 07:00:00,11699.999999999989,buy,buy,output_latest_data_part_multiple.zip/Pairs/EURUSD\EURUSD_sequence_3326,True,2.999999999976353
2024-07-15 15:00:00,11899.999999999989,buy,buy,output_latest_data_part_multiple.zip/Pairs/EURUSD\EURUSD_sequence_3334,True,0.0
2024-07-16 06:00:00,11879.99999999999,buy,sell,output_latest_data_part_multiple.zip/Pairs/EURUSD\EURUSD_sequence_3349,False,19.99999999999818
2024-07-16 08:00:00,11976.999999999982,sell,sell,output_latest_data_part_multiple.zip/Pairs/EURUSD\EURUSD_sequence_3351,True,0.0
2024-07-16 09:00:00,11949.999999999982,buy,sell,output_latest_data_part_multiple.zip/Pairs/EURUSD\EURUSD_sequence_3352,False,27.0
2024-07-16 14:00:00,12084.999999999978,buy,buy,output_latest_data_part_multiple.zip/Pairs/EURUSD\EURUSD_sequence_3357,True,0.0
2024-07-16 15:00:00,11984.999999999978,buy,sell,output_latest_data_part_multiple.zip/Pairs/EURUSD\EURUSD_sequence_3358,False,100.0
2024-07-17 04:00:00,11979.999999999967,sell,buy,output_latest_data_part_multiple.zip/Pairs/EURUSD\EURUSD_sequence_3371,False,105.00000000001091
2024-07-17 06:00:00,11913.999999999978,sell,buy,output_latest_data_part_multiple.zip/Pairs/EURUSD\EURUSD_sequence_3373,False,171.0
2024-07-17 07:00:00,11904.999999999985,sell,buy,output_latest_data_part_multiple.zip/Pairs/EURUSD\EURUSD_sequence_3374,False,179.99999999999272
2024-07-17 10:00:00,11804.999999999985,sell,buy,output_latest_data_part_multiple.zip/Pairs/EURUSD\EURUSD_sequence_3377,False,279.9999999999927
2024-07-18 07:00:00,11865.999999999985,sell,sell,output_latest_data_part_multiple.zip/Pairs/EURUSD\EURUSD_sequence_3398,True,218.99999999999272
2024-07-19 09:00:00,11797.0,buy,sell,output_latest_data_part_multiple.zip/Pairs/EURUSD\EURUSD_sequence_3424,False,287.9999999999782
2024-07-19 10:00:00,11801.000000000004,buy,buy,output_latest_data_part_multiple.zip/Pairs/EURUSD\EURUSD_sequence_3425,True,283.99999999997453
2024-07-22 03:00:00,12001.000000000004,buy,buy,output_latest_data_part_multiple.zip/Pairs/EURUSD\EURUSD_sequence_3442,True,83.99999999997453
2024-07-22 13:00:00,12019.999999999995,buy,buy,output_latest_data_part_multiple.zip/Pairs/EURUSD\EURUSD_sequence_3452,True,64.99999999998363
2024-07-23 06:00:00,11977.999999999985,sell,buy,output_latest_data_part_multiple.zip/Pairs/EURUSD\EURUSD_sequence_3469,False,106.99999999999272
2024-07-23 21:00:00,11877.999999999985,buy,sell,output_latest_data_part_multiple.zip/Pairs/EURUSD\EURUSD_sequence_3484,False,206.99999999999272
2024-07-24 02:00:00,11843.999999999985,buy,sell,output_latest_data_part_multiple.zip/Pairs/EURUSD\EURUSD_sequence_3489,False,240.99999999999272
2024-07-24 06:00:00,11743.999999999985,buy,sell,output_latest_data_part_multiple.zip/Pairs/EURUSD\EURUSD_sequence_3493,False,340.9999999999927
2024-07-26 04:00:00,11863.999999999995,buy,buy,output_latest_data_part_multiple.zip/Pairs/EURUSD\EURUSD_sequence_3539,True,220.99999999998363
2024-07-26 06:00:00,11994.000000000002,buy,buy,output_latest_data_part_multiple.zip/Pairs/EURUSD\EURUSD_sequence_3541,True,90.99999999997635
2024-07-26 15:00:00,11894.000000000002,buy,buy,output_latest_data_part_multiple.zip/Pairs/EURUSD\EURUSD_sequence_3550,True,190.99999999997635
2024-07-29 06:00:00,11957.000000000015,buy,buy,output_latest_data_part_multiple.zip/Pairs/EURUSD\EURUSD_sequence_3565,True,127.99999999996362
2024-07-29 21:00:00,11857.000000000015,buy,buy,output_latest_data_part_multiple.zip/Pairs/EURUSD\EURUSD_sequence_3580,True,227.99999999996362
2024-07-30 06:00:00,11850.000000000013,buy,sell,output_latest_data_part_multiple.zip/Pairs/EURUSD\EURUSD_sequence_3589,False,234.99999999996544
2024-07-30 07:00:00,11867.000000000013,buy,buy,output_latest_data_part_multiple.zip/Pairs/EURUSD\EURUSD_sequence_3590,True,217.99999999996544
2024-07-30 08:00:00,11880.999999999993,buy,buy,output_latest_data_part_multiple.zip/Pairs/EURUSD\EURUSD_sequence_3591,True,203.99999999998545
2024-07-30 16:00:00,11780.999999999993,buy,sell,output_latest_data_part_multiple.zip/Pairs/EURUSD\EURUSD_sequence_3599,False,303.99999999998545
2024-07-31 06:00:00,11867.999999999985,buy,buy,output_latest_data_part_multiple.zip/Pairs/EURUSD\EURUSD_sequence_3613,True,216.99999999999272
2024-08-02 03:00:00,11940.999999999998,buy,buy,output_latest_data_part_multiple.zip/Pairs/EURUSD\EURUSD_sequence_3658,True,143.99999999998
2024-08-02 06:00:00,11925.999999999989,sell,buy,output_latest_data_part_multiple.zip/Pairs/EURUSD\EURUSD_sequence_3661,False,158.9999999999891
2024-08-05 03:00:00,11888.000000000007,sell,buy,output_latest_data_part_multiple.zip/Pairs/EURUSD\EURUSD_sequence_3682,False,196.9999999999709
2024-08-05 04:00:00,11828.000000000015,sell,buy,output_latest_data_part_multiple.zip/Pairs/EURUSD\EURUSD_sequence_3683,False,256.9999999999636
2024-08-05 06:00:00,11728.000000000015,buy,buy,output_latest_data_part_multiple.zip/Pairs/EURUSD\EURUSD_sequence_3685,True,356.9999999999636
2024-08-06 00:00:00,11693.000000000007,buy,sell,output_latest_data_part_multiple.zip/Pairs/EURUSD\EURUSD_sequence_3703,False,391.9999999999709
2024-08-06 05:00:00,11711.999999999998,buy,buy,output_latest_data_part_multiple.zip/Pairs/EURUSD\EURUSD_sequence_3708,True,372.99999999998
2024-08-06 06:00:00,11726.000000000002,buy,buy,output_latest_data_part_multiple.zip/Pairs/EURUSD\EURUSD_sequence_3709,True,358.99999999997635
2024-08-06 21:00:00,11926.000000000002,buy,buy,output_latest_data_part_multiple.zip/Pairs/EURUSD\EURUSD_sequence_3724,True,158.99999999997635
2024-08-07 06:00:00,11826.000000000002,buy,sell,output_latest_data_part_multiple.zip/Pairs/EURUSD\EURUSD_sequence_3733,False,258.99999999997635
2024-08-07 07:00:00,11726.000000000002,buy,sell,output_latest_data_part_multiple.zip/Pairs/EURUSD\EURUSD_sequence_3734,False,358.99999999997635
2024-08-09 03:00:00,11779.000000000016,sell,sell,output_latest_data_part_multiple.zip/Pairs/EURUSD\EURUSD_sequence_3778,True,305.9999999999618
2024-08-09 05:00:00,11750.000000000025,sell,buy,output_latest_data_part_multiple.zip/Pairs/EURUSD\EURUSD_sequence_3780,False,334.9999999999527
2024-08-12 01:00:00,11692.000000000045,buy,sell,output_latest_data_part_multiple.zip/Pairs/EURUSD\EURUSD_sequence_3800,False,392.9999999999327
2024-08-12 06:00:00,11654.00000000004,buy,sell,output_latest_data_part_multiple.zip/Pairs/EURUSD\EURUSD_sequence_3805,False,430.99999999993815
2024-08-12 07:00:00,11714.000000000033,buy,buy,output_latest_data_part_multiple.zip/Pairs/EURUSD\EURUSD_sequence_3806,True,370.99999999994543
2024-08-12 12:00:00,11842.00000000005,buy,buy,output_latest_data_part_multiple.zip/Pairs/EURUSD\EURUSD_sequence_3811,True,242.99999999992906
2024-08-13 08:00:00,11807.000000000042,sell,buy,output_latest_data_part_multiple.zip/Pairs/EURUSD\EURUSD_sequence_3831,False,277.99999999993634
2024-08-14 06:00:00,11783.00000000004,buy,sell,output_latest_data_part_multiple.zip/Pairs/EURUSD\EURUSD_sequence_3853,False,301.99999999993815
2024-08-14 07:00:00,11820.000000000038,sell,sell,output_latest_data_part_multiple.zip/Pairs/EURUSD\EURUSD_sequence_3854,True,264.99999999994
2024-08-14 08:00:00,11874.000000000036,sell,sell,output_latest_data_part_multiple.zip/Pairs/EURUSD\EURUSD_sequence_3855,True,210.9999999999418
2024-08-15 07:00:00,11774.000000000036,buy,sell,output_latest_data_part_multiple.zip/Pairs/EURUSD\EURUSD_sequence_3878,False,310.9999999999418
2024-08-16 15:00:00,11896.000000000036,buy,buy,output_latest_data_part_multiple.zip/Pairs/EURUSD\EURUSD_sequence_3910,True,188.9999999999418
2024-08-19 12:00:00,11796.000000000036,sell,sell,output_latest_data_part_multiple.zip/Pairs/EURUSD\EURUSD_sequence_3931,True,288.9999999999418
2024-08-20 08:00:00,11885.00000000002,sell,sell,output_latest_data_part_multiple.zip/Pairs/EURUSD\EURUSD_sequence_3951,True,199.99999999995816
2024-08-21 04:00:00,11914.000000000011,sell,sell,output_latest_data_part_multiple.zip/Pairs/EURUSD\EURUSD_sequence_3971,True,170.99999999996726
2024-08-21 05:00:00,11989.000000000015,sell,sell,output_latest_data_part_multiple.zip/Pairs/EURUSD\EURUSD_sequence_3972,True,95.99999999996362
2024-08-21 08:00:00,12087.000000000013,sell,sell,output_latest_data_part_multiple.zip/Pairs/EURUSD\EURUSD_sequence_3975,True,0.0
2024-08-22 06:00:00,12055.000000000004,buy,sell,output_latest_data_part_multiple.zip/Pairs/EURUSD\EURUSD_sequence_3997,False,32.000000000009095
2024-08-23 15:00:00,12195.999999999995,sell,sell,output_latest_data_part_multiple.zip/Pairs/EURUSD\EURUSD_sequence_4030,True,0.0
2024-08-26 06:00:00,12123.999999999989,buy,sell,output_latest_data_part_multiple.zip/Pairs/EURUSD\EURUSD_sequence_4045,False,72.00000000000546
2024-08-26 18:00:00,12023.999999999989,buy,sell,output_latest_data_part_multiple.zip/Pairs/EURUSD\EURUSD_sequence_4057,False,172.00000000000546
2024-08-27 06:00:00,12094.999999999987,buy,buy,output_latest_data_part_multiple.zip/Pairs/EURUSD\EURUSD_sequence_4069,True,101.00000000000728
2024-08-28 06:00:00,11994.999999999987,buy,sell,output_latest_data_part_multiple.zip/Pairs/EURUSD\EURUSD_sequence_4093,False,201.00000000000728
2024-08-28 08:00:00,11894.999999999987,buy,sell,output_latest_data_part_multiple.zip/Pairs/EURUSD\EURUSD_sequence_4095,False,301.0000000000073
2024-08-29 01:00:00,11985.999999999984,buy,buy,output_latest_data_part_multiple.zip/Pairs/EURUSD\EURUSD_sequence_4112,True,210.0000000000109
2024-08-30 06:00:00,11939.99999999997,buy,sell,output_latest_data_part_multiple.zip/Pairs/EURUSD\EURUSD_sequence_4141,False,256.00000000002365
2024-09-02 06:00:00,11946.999999999973,buy,buy,output_latest_data_part_multiple.zip/Pairs/EURUSD\EURUSD_sequence_4165,True,249.00000000002183
2024-09-02 07:00:00,11973.999999999973,buy,buy,output_latest_data_part_multiple.zip/Pairs/EURUSD\EURUSD_sequence_4166,True,222.00000000002183
2024-09-03 06:00:00,11873.999999999973,buy,sell,output_latest_data_part_multiple.zip/Pairs/EURUSD\EURUSD_sequence_4189,False,322.0000000000218
2024-09-03 07:00:00,11773.999999999973,buy,sell,output_latest_data_part_multiple.zip/Pairs/EURUSD\EURUSD_sequence_4190,False,422.0000000000218
2024-09-05 07:00:00,11853.999999999964,sell,sell,output_latest_data_part_multiple.zip/Pairs/EURUSD\EURUSD_sequence_4238,True,342.0000000000309
2024-09-05 12:00:00,12053.999999999964,buy,buy,output_latest_data_part_multiple.zip/Pairs/EURUSD\EURUSD_sequence_4243,True,142.00000000003092
2024-09-05 23:00:00,12253.999999999964,buy,buy,output_latest_data_part_multiple.zip/Pairs/EURUSD\EURUSD_sequence_4254,True,0.0
2024-09-06 06:00:00,12315.99999999997,buy,buy,output_latest_data_part_multiple.zip/Pairs/EURUSD\EURUSD_sequence_4261,True,0.0
2024-09-09 06:00:00,12286.99999999998,buy,sell,output_latest_data_part_multiple.zip/Pairs/EURUSD\EURUSD_sequence_4285,False,28.999999999990905
2024-09-09 07:00:00,12186.99999999998,buy,sell,output_latest_data_part_multiple.zip/Pairs/EURUSD\EURUSD_sequence_4286,False,128.9999999999909
2024-09-09 14:00:00,12086.99999999998,buy,sell,output_latest_data_part_multiple.zip/Pairs/EURUSD\EURUSD_sequence_4293,False,228.9999999999909
2024-09-09 19:00:00,12172.999999999989,buy,buy,output_latest_data_part_multiple.zip/Pairs/EURUSD\EURUSD_sequence_4298,True,142.9999999999818
2024-09-10 06:00:00,12188.999999999984,buy,buy,output_latest_data_part_multiple.zip/Pairs/EURUSD\EURUSD_sequence_4309,True,126.99999999998727
2024-09-11 06:00:00,12388.999999999984,buy,buy,output_latest_data_part_multiple.zip/Pairs/EURUSD\EURUSD_sequence_4333,True,0.0
2024-09-11 07:00:00,12588.999999999984,buy,buy,output_latest_data_part_multiple.zip/Pairs/EURUSD\EURUSD_sequence_4334,True,0.0
2024-09-11 19:00:00,12788.999999999984,sell,sell,output_latest_data_part_multiple.zip/Pairs/EURUSD\EURUSD_sequence_4346,True,0.0
2024-09-12 06:00:00,12797.999999999976,buy,buy,output_latest_data_part_multiple.zip/Pairs/EURUSD\EURUSD_sequence_4357,True,0.0
2024-09-12 09:00:00,12812.999999999964,buy,buy,output_latest_data_part_multiple.zip/Pairs/EURUSD\EURUSD_sequence_4360,True,0.0
2024-09-13 03:00:00,12712.999999999964,sell,buy,output_latest_data_part_multiple.zip/Pairs/EURUSD\EURUSD_sequence_4378,False,100.0
2024-09-13 08:00:00,12612.999999999964,sell,buy,output_latest_data_part_multiple.zip/Pairs/EURUSD\EURUSD_sequence_4383,False,200.0
2024-09-13 09:00:00,12695.999999999975,sell,sell,output_latest_data_part_multiple.zip/Pairs/EURUSD\EURUSD_sequence_4384,True,116.99999999998909
2024-09-13 11:00:00,12636.999999999987,sell,buy,output_latest_data_part_multiple.zip/Pairs/EURUSD\EURUSD_sequence_4386,False,175.99999999997635
2024-09-16 06:00:00,12836.999999999987,buy,buy,output_latest_data_part_multiple.zip/Pairs/EURUSD\EURUSD_sequence_4405,True,0.0
2024-09-17 07:00:00,12807.999999999996,buy,sell,output_latest_data_part_multiple.zip/Pairs/EURUSD\EURUSD_sequence_4430,False,28.999999999990905
2024-09-18 20:00:00,12707.999999999996,buy,buy,output_latest_data_part_multiple.zip/Pairs/EURUSD\EURUSD_sequence_4467,True,128.9999999999909
2024-09-19 10:00:00,12907.999999999996,buy,buy,output_latest_data_part_multiple.zip/Pairs/EURUSD\EURUSD_sequence_4481,True,0.0
2024-09-19 16:00:00,12807.999999999996,sell,sell,output_latest_data_part_multiple.zip/Pairs/EURUSD\EURUSD_sequence_4487,True,100.0
2024-09-19 22:00:00,13007.999999999996,buy,buy,output_latest_data_part_multiple.zip/Pairs/EURUSD\EURUSD_sequence_4493,True,0.0
2024-09-20 03:00:00,13058.999999999998,sell,sell,output_latest_data_part_multiple.zip/Pairs/EURUSD\EURUSD_sequence_4498,True,0.0
2024-09-20 04:00:00,13088.999999999995,sell,sell,output_latest_data_part_multiple.zip/Pairs/EURUSD\EURUSD_sequence_4499,True,0.0
2024-09-20 05:00:00,13097.000000000002,sell,sell,output_latest_data_part_multiple.zip/Pairs/EURUSD\EURUSD_sequence_4500,True,0.0
2024-09-23 06:00:00,13105.00000000001,buy,buy,output_latest_data_part_multiple.zip/Pairs/EURUSD\EURUSD_sequence_4525,True,0.0
2024-09-24 09:00:00,13197.999999999996,buy,buy,output_latest_data_part_multiple.zip/Pairs/EURUSD\EURUSD_sequence_4552,True,0.0
2024-09-24 15:00:00,13397.999999999996,buy,buy,output_latest_data_part_multiple.zip/Pairs/EURUSD\EURUSD_sequence_4558,True,0.0
2024-09-25 05:00:00,13297.999999999996,sell,buy,output_latest_data_part_multiple.zip/Pairs/EURUSD\EURUSD_sequence_4572,False,100.0
2024-09-25 07:00:00,13197.999999999996,sell,buy,output_latest_data_part_multiple.zip/Pairs/EURUSD\EURUSD_sequence_4574,False,200.0
2024-09-25 08:00:00,13149.999999999993,sell,buy,output_latest_data_part_multiple.zip/Pairs/EURUSD\EURUSD_sequence_4575,False,248.00000000000364
2024-09-25 11:00:00,13251.000000000011,sell,sell,output_latest_data_part_multiple.zip/Pairs/EURUSD\EURUSD_sequence_4578,True,146.99999999998545
2024-09-25 12:00:00,13451.000000000011,sell,sell,output_latest_data_part_multiple.zip/Pairs/EURUSD\EURUSD_sequence_4579,True,0.0
2024-09-25 13:00:00,13538.000000000004,sell,sell,output_latest_data_part_multiple.zip/Pairs/EURUSD\EURUSD_sequence_4580,True,0.0
2024-09-25 14:00:00,13536.000000000013,sell,buy,output_latest_data_part_multiple.zip/Pairs/EURUSD\EURUSD_sequence_4581,False,1.999999999990905
2024-09-25 15:00:00,13436.000000000013,buy,buy,output_latest_data_part_multiple.zip/Pairs/EURUSD\EURUSD_sequence_4582,True,101.9999999999909
2024-09-27 13:00:00,13336.000000000013,buy,sell,output_latest_data_part_multiple.zip/Pairs/EURUSD\EURUSD_sequence_4628,False,201.9999999999909
2024-09-30 03:00:00,13304.000000000025,sell,buy,output_latest_data_part_multiple.zip/Pairs/EURUSD\EURUSD_sequence_4642,False,233.99999999997817
2024-09-30 05:00:00,13317.000000000044,buy,buy,output_latest_data_part_multiple.zip/Pairs/EURUSD\EURUSD_sequence_4644,True,220.99999999995998
2024-09-30 06:00:00,13312.000000000055,buy,sell,output_latest_data_part_multiple.zip/Pairs/EURUSD\EURUSD_sequence_4645,False,225.99999999994907
2024-09-30 07:00:00,13403.000000000051,sell,sell,output_latest_data_part_multiple.zip/Pairs/EURUSD\EURUSD_sequence_4646,True,134.9999999999527
2024-09-30 10:00:00,13518.00000000005,buy,buy,output_latest_data_part_multiple.zip/Pairs/EURUSD\EURUSD_sequence_4649,True,19.999999999954525
2024-10-01 04:00:00,13621.000000000058,buy,buy,output_latest_data_part_multiple.zip/Pairs/EURUSD\EURUSD_sequence_4667,True,0.0
2024-10-01 09:00:00,13644.000000000053,buy,buy,output_latest_data_part_multiple.zip/Pairs/EURUSD\EURUSD_sequence_4672,True,0.0
2024-10-01 22:00:00,13544.000000000053,buy,sell,output_latest_data_part_multiple.zip/Pairs/EURUSD\EURUSD_sequence_4685,False,100.0
2024-10-01 23:00:00,13444.000000000053,buy,sell,output_latest_data_part_multiple.zip/Pairs/EURUSD\EURUSD_sequence_4686,False,200.0
2024-10-02 06:00:00,13465.000000000056,buy,buy,output_latest_data_part_multiple.zip/Pairs/EURUSD\EURUSD_sequence_4693,True,178.99999999999636
2024-10-02 08:00:00,13365.000000000056,buy,sell,output_latest_data_part_multiple.zip/Pairs/EURUSD\EURUSD_sequence_4695,False,278.99999999999636
2024-10-03 03:00:00,13373.000000000042,buy,buy,output_latest_data_part_multiple.zip/Pairs/EURUSD\EURUSD_sequence_4714,True,271.0000000000109
2024-10-03 06:00:00,13273.000000000042,buy,sell,output_latest_data_part_multiple.zip/Pairs/EURUSD\EURUSD_sequence_4717,False,371.0000000000109
2024-10-03 07:00:00,13173.000000000042,buy,sell,output_latest_data_part_multiple.zip/Pairs/EURUSD\EURUSD_sequence_4718,False,471.0000000000109
2024-10-03 09:00:00,13073.000000000042,buy,sell,output_latest_data_part_multiple.zip/Pairs/EURUSD\EURUSD_sequence_4720,False,571.0000000000109
2024-10-03 23:00:00,13188.000000000062,buy,buy,output_latest_data_part_multiple.zip/Pairs/EURUSD\EURUSD_sequence_4734,True,455.9999999999909
2024-10-04 00:00:00,13388.000000000062,buy,buy,output_latest_data_part_multiple.zip/Pairs/EURUSD\EURUSD_sequence_4735,True,255.9999999999909
2024-10-04 03:00:00,13475.000000000055,buy,buy,output_latest_data_part_multiple.zip/Pairs/EURUSD\EURUSD_sequence_4738,True,168.99999999999818
2024-10-07 06:00:00,13519.000000000055,buy,buy,output_latest_data_part_multiple.zip/Pairs/EURUSD\EURUSD_sequence_4765,True,124.99999999999818
2024-10-07 13:00:00,13419.000000000055,buy,sell,output_latest_data_part_multiple.zip/Pairs/EURUSD\EURUSD_sequence_4772,False,224.99999999999818
2024-10-08 06:00:00,13319.000000000055,sell,buy,output_latest_data_part_multiple.zip/Pairs/EURUSD\EURUSD_sequence_4789,False,324.9999999999982
2024-10-08 09:00:00,13300.000000000064,sell,buy,output_latest_data_part_multiple.zip/Pairs/EURUSD\EURUSD_sequence_4792,False,343.9999999999891
2024-10-10 01:00:00,13292.000000000078,buy,sell,output_latest_data_part_multiple.zip/Pairs/EURUSD\EURUSD_sequence_4832,False,351.99999999997453
2024-10-10 17:00:00,13192.000000000078,buy,sell,output_latest_data_part_multiple.zip/Pairs/EURUSD\EURUSD_sequence_4848,False,451.99999999997453
2024-10-11 11:00:00,13092.000000000078,sell,buy,output_latest_data_part_multiple.zip/Pairs/EURUSD\EURUSD_sequence_4866,False,551.9999999999745
2024-10-11 12:00:00,12992.000000000078,sell,sell,output_latest_data_part_multiple.zip/Pairs/EURUSD\EURUSD_sequence_4867,True,651.9999999999745
2024-10-14 01:00:00,13169.000000000062,sell,sell,output_latest_data_part_multiple.zip/Pairs/EURUSD\EURUSD_sequence_4880,True,474.9999999999909
2024-10-14 04:00:00,13069.000000000062,buy,sell,output_latest_data_part_multiple.zip/Pairs/EURUSD\EURUSD_sequence_4883,False,574.9999999999909
2024-10-14 06:00:00,12969.000000000062,buy,sell,output_latest_data_part_multiple.zip/Pairs/EURUSD\EURUSD_sequence_4885,False,674.9999999999909
2024-10-14 07:00:00,12869.000000000062,buy,sell,output_latest_data_part_multiple.zip/Pairs/EURUSD\EURUSD_sequence_4886,False,774.9999999999909
2024-10-14 08:00:00,12899.000000000058,buy,buy,output_latest_data_part_multiple.zip/Pairs/EURUSD\EURUSD_sequence_4887,True,744.9999999999945
2024-10-15 03:00:00,13001.00000000006,buy,buy,output_latest_data_part_multiple.zip/Pairs/EURUSD\EURUSD_sequence_4906,True,642.9999999999927
2024-10-15 11:00:00,12901.00000000006,buy,buy,output_latest_data_part_multiple.zip/Pairs/EURUSD\EURUSD_sequence_4914,True,742.9999999999927
2024-10-17 15:00:00,12801.00000000006,buy,sell,output_latest_data_part_multiple.zip/Pairs/EURUSD\EURUSD_sequence_4966,False,842.9999999999927
2024-10-21 05:00:00,12830.000000000073,sell,sell,output_latest_data_part_multiple.zip/Pairs/EURUSD\EURUSD_sequence_5004,True,813.99999999998
2024-10-21 06:00:00,12842.000000000062,buy,buy,output_latest_data_part_multiple.zip/Pairs/EURUSD\EURUSD_sequence_5005,True,801.9999999999909
2024-10-22 05:00:00,12867.000000000071,buy,buy,output_latest_data_part_multiple.zip/Pairs/EURUSD\EURUSD_sequence_5028,True,776.9999999999818
2024-10-23 02:00:00,12767.000000000071,buy,sell,output_latest_data_part_multiple.zip/Pairs/EURUSD\EURUSD_sequence_5049,False,876.9999999999818
2024-10-23 09:00:00,12741.000000000078,buy,sell,output_latest_data_part_multiple.zip/Pairs/EURUSD\EURUSD_sequence_5056,False,902.9999999999745
2024-10-23 20:00:00,12941.000000000078,buy,buy,output_latest_data_part_multiple.zip/Pairs/EURUSD\EURUSD_sequence_5067,True,702.9999999999745
2024-10-24 07:00:00,13050.000000000082,buy,buy,output_latest_data_part_multiple.zip/Pairs/EURUSD\EURUSD_sequence_5078,True,593.9999999999709
2024-10-25 10:00:00,13043.00000000008,sell,buy,output_latest_data_part_multiple.zip/Pairs/EURUSD\EURUSD_sequence_5105,False,600.9999999999727
2024-10-25 11:00:00,12943.00000000008,sell,sell,output_latest_data_part_multiple.zip/Pairs/EURUSD\EURUSD_sequence_5106,True,700.9999999999727
2024-10-28 06:00:00,12843.00000000008,buy,sell,output_latest_data_part_multiple.zip/Pairs/EURUSD\EURUSD_sequence_5125,False,800.9999999999727
2024-10-28 11:00:00,13043.00000000008,buy,buy,output_latest_data_part_multiple.zip/Pairs/EURUSD\EURUSD_sequence_5130,True,600.9999999999727
2024-10-29 03:00:00,13082.00000000007,buy,buy,output_latest_data_part_multiple.zip/Pairs/EURUSD\EURUSD_sequence_5146,True,561.9999999999836
2024-10-29 05:00:00,13078.000000000065,buy,sell,output_latest_data_part_multiple.zip/Pairs/EURUSD\EURUSD_sequence_5148,False,565.9999999999873
2024-10-29 06:00:00,13020.000000000064,buy,sell,output_latest_data_part_multiple.zip/Pairs/EURUSD\EURUSD_sequence_5149,False,623.9999999999891
2024-10-30 05:00:00,13013.000000000062,sell,buy,output_latest_data_part_multiple.zip/Pairs/EURUSD\EURUSD_sequence_5172,False,630.9999999999909
2024-10-30 07:00:00,13046.000000000078,sell,sell,output_latest_data_part_multiple.zip/Pairs/EURUSD\EURUSD_sequence_5174,True,597.9999999999745
2024-10-30 08:00:00,13087.00000000008,sell,sell,output_latest_data_part_multiple.zip/Pairs/EURUSD\EURUSD_sequence_5175,True,556.9999999999727
2024-10-31 07:00:00,12987.00000000008,buy,sell,output_latest_data_part_multiple.zip/Pairs/EURUSD\EURUSD_sequence_5198,False,656.9999999999727
2024-10-31 10:00:00,13128.000000000071,buy,buy,output_latest_data_part_multiple.zip/Pairs/EURUSD\EURUSD_sequence_5201,True,515.9999999999818
2024-11-01 07:00:00,13218.000000000084,sell,sell,output_latest_data_part_multiple.zip/Pairs/EURUSD\EURUSD_sequence_5222,True,425.9999999999691
2024-11-01 09:00:00,13354.000000000064,sell,sell,output_latest_data_part_multiple.zip/Pairs/EURUSD\EURUSD_sequence_5224,True,289.9999999999891
2024-11-04 02:00:00,13554.000000000064,buy,buy,output_latest_data_part_multiple.zip/Pairs/EURUSD\EURUSD_sequence_5241,True,89.99999999998909
2024-11-04 15:00:00,13754.000000000064,buy,buy,output_latest_data_part_multiple.zip/Pairs/EURUSD\EURUSD_sequence_5254,True,0.0
2024-11-05 03:00:00,13741.000000000067,buy,sell,output_latest_data_part_multiple.zip/Pairs/EURUSD\EURUSD_sequence_5266,False,12.999999999996362
2024-11-05 07:00:00,13790.000000000055,buy,buy,output_latest_data_part_multiple.zip/Pairs/EURUSD\EURUSD_sequence_5270,True,0.0
2024-11-05 12:00:00,13990.000000000055,buy,buy,output_latest_data_part_multiple.zip/Pairs/EURUSD\EURUSD_sequence_5275,True,0.0
2024-11-05 23:00:00,14190.000000000055,buy,buy,output_latest_data_part_multiple.zip/Pairs/EURUSD\EURUSD_sequence_5286,True,0.0
2024-11-06 06:00:00,14090.000000000055,buy,sell,output_latest_data_part_multiple.zip/Pairs/EURUSD\EURUSD_sequence_5293,False,100.0
2024-11-06 19:00:00,13990.000000000055,buy,buy,output_latest_data_part_multiple.zip/Pairs/EURUSD\EURUSD_sequence_5306,True,200.0
2024-11-08 06:00:00,13890.000000000055,buy,sell,output_latest_data_part_multiple.zip/Pairs/EURUSD\EURUSD_sequence_5341,False,300.0
2024-11-08 23:00:00,13790.000000000055,buy,sell,output_latest_data_part_multiple.zip/Pairs/EURUSD\EURUSD_sequence_5358,False,400.0
2024-11-11 06:00:00,13842.000000000062,buy,buy,output_latest_data_part_multiple.zip/Pairs/EURUSD\EURUSD_sequence_5365,True,347.9999999999927
2024-11-12 06:00:00,13742.000000000062,buy,sell,output_latest_data_part_multiple.zip/Pairs/EURUSD\EURUSD_sequence_5389,False,447.9999999999927
2024-11-13 06:00:00,13718.00000000006,buy,sell,output_latest_data_part_multiple.zip/Pairs/EURUSD\EURUSD_sequence_5413,False,471.99999999999454
2024-11-13 07:00:00,13683.000000000075,buy,sell,output_latest_data_part_multiple.zip/Pairs/EURUSD\EURUSD_sequence_5414,False,506.99999999998
2024-11-13 13:00:00,13583.000000000075,buy,buy,output_latest_data_part_multiple.zip/Pairs/EURUSD\EURUSD_sequence_5420,True,606.99999999998
2024-11-19 02:00:00,13660.00000000007,sell,sell,output_latest_data_part_multiple.zip/Pairs/EURUSD\EURUSD_sequence_5505,True,529.9999999999854
2024-11-19 08:00:00,13691.000000000073,buy,buy,output_latest_data_part_multiple.zip/Pairs/EURUSD\EURUSD_sequence_5511,True,498.9999999999818
2024-11-20 05:00:00,13591.000000000073,sell,sell,output_latest_data_part_multiple.zip/Pairs/EURUSD\EURUSD_sequence_5532,True,598.9999999999818
2024-11-20 07:00:00,13791.000000000073,sell,sell,output_latest_data_part_multiple.zip/Pairs/EURUSD\EURUSD_sequence_5534,True,398.9999999999818
2024-11-20 11:00:00,13691.000000000073,buy,sell,output_latest_data_part_multiple.zip/Pairs/EURUSD\EURUSD_sequence_5538,False,498.9999999999818
2024-11-20 15:00:00,13591.000000000073,buy,sell,output_latest_data_part_multiple.zip/Pairs/EURUSD\EURUSD_sequence_5542,False,598.9999999999818
2024-11-21 04:00:00,13491.000000000073,sell,buy,output_latest_data_part_multiple.zip/Pairs/EURUSD\EURUSD_sequence_5555,False,698.9999999999818
2024-11-21 05:00:00,13391.000000000073,sell,buy,output_latest_data_part_multiple.zip/Pairs/EURUSD\EURUSD_sequence_5556,False,798.9999999999818
2024-11-21 06:00:00,13291.000000000073,sell,buy,output_latest_data_part_multiple.zip/Pairs/EURUSD\EURUSD_sequence_5557,False,898.9999999999818
2024-11-21 11:00:00,13491.000000000073,sell,sell,output_latest_data_part_multiple.zip/Pairs/EURUSD\EURUSD_sequence_5562,True,698.9999999999818
2024-11-22 05:00:00,13515.000000000075,buy,buy,output_latest_data_part_multiple.zip/Pairs/EURUSD\EURUSD_sequence_5580,True,674.99999999998
2024-11-26 05:00:00,13415.000000000075,buy,sell,output_latest_data_part_multiple.zip/Pairs/EURUSD\EURUSD_sequence_5628,False,774.99999999998
2024-11-26 06:00:00,13315.000000000075,buy,sell,output_latest_data_part_multiple.zip/Pairs/EURUSD\EURUSD_sequence_5629,False,874.99999999998
2024-11-27 05:00:00,13383.000000000076,sell,sell,output_latest_data_part_multiple.zip/Pairs/EURUSD\EURUSD_sequence_5652,True,806.9999999999782
2024-11-27 07:00:00,13532.000000000076,sell,sell,output_latest_data_part_multiple.zip/Pairs/EURUSD\EURUSD_sequence_5654,True,657.9999999999782
2024-11-29 03:00:00,13432.000000000076,sell,buy,output_latest_data_part_multiple.zip/Pairs/EURUSD\EURUSD_sequence_5698,False,757.9999999999782
2024-11-29 05:00:00,13332.000000000076,sell,buy,output_latest_data_part_multiple.zip/Pairs/EURUSD\EURUSD_sequence_5700,False,857.9999999999782
2024-11-29 06:00:00,13532.000000000076,buy,buy,output_latest_data_part_multiple.zip/Pairs/EURUSD\EURUSD_sequence_5701,True,657.9999999999782
